Date,Winner,Loser,WCharacter,LCharacter
5/24,Hitaka,Savory Buns,Rice,Garlic
5/24,Hitaka,Savory Buns,Rice,Onion
5/24,Hitaka,Savory Buns,Rice,Onion
5/24,Savory Buns,TrunksESP,Garlic,Garlic
5/24,Savory Buns,TrunksESP,Garlic,Garlic
5/24,TrunksESP,Savory Buns,Garlic,Garlic
5/24,Savory Buns,TrunksESP,Garlic,Pork
5/24,Savory Buns,DoomMerky,Garlic,Beef
5/24,Savory Buns,DoomMerky,Garlic,Pork
5/24,Savory Buns,DoomMerky,Garlic,Pork
5/24,DoomMerky,shygyBeets,Pork,Pork
5/24,DoomMerky,shygyBeets,Pork,Pork
5/24,DoomMerky,shygyBeets,Pork,Pork
5/24,Hitaka,TrunksESP,Rice,Beef
5/24,Hitaka,TrunksESP,Rice,Beef
5/24,Hitaka,TrunksESP,Rice,Beef
5/24,Savory Buns,KevinKryptonite,Garlic,Pork
5/24,Savory Buns,KevinKryptonite,Garlic,Pork
5/24,Savory Buns,KevinKryptonite,Garlic,Pork
5/24,KevinKryptonite,Savory Buns,Pork,Garlic
5/24,TrunksESP,JoRo,Beef,Pork
5/24,JoRo,TrunksESP,Pork,Beef
5/24,TrunksESP,JoRo,Beef,Pork
5/24,Hitaka,Savory Buns,Rice,Garlic
5/24,Hitaka,Savory Buns,Rice,Garlic
5/24,Savory Buns,Hitaka,Garlic,Onion
5/24,Hitaka,Savory Buns,Onion,Garlic
5/24,Savory Buns,Hitaka,Garlic,Onion
5/24,TrunksESP,JoRo,Beef,Pork
5/24,Hitaka,Friggis,Onion,Onion
5/24,Friggis,Hitaka,Onion,Onion
5/24,Hitaka,Friggis,Onion,Onion
5/24,Savory Buns,DoomMerky,Garlic,Pork
5/24,Savory Buns,DoomMerky,Garlic,Pork
5/24,Friggis,SquidSlash,Onion,Beef
5/24,Friggis,SquidSlash,Onion,Beef
5/24,SquidSlash,Friggis,Beef,Onion
5/17,JoRo,Hitaka,Onion,Onion
5/17,Hitaka,JoRo,Onion,Onion
5/17,JoRo,Hitaka,Onion,Onion
5/17,JoRo,Hitaka,Onion,Onion
5/17,Hitaka,TrunksESP,Onion,Beef
5/17,TrunksESP,Hitaka,Beef,Onion
5/17,Hitaka,TrunksESP,Onion,Onion
5/17,Hitaka,TrunksESP,Onion,Beef
5/17,JoRo,Hitaka,Onion,Onion
5/17,Hitaka,JoRo,Onion,Onion
5/17,JoRo,Hitaka,Onion,Onion
5/17,JoRo,Hitaka,Onion,Onion
5/17,TrunksESP,Aominedaikiv,Beef,Onion
5/17,TrunksESP,Aominedaikiv,Beef,Onion
5/17,TrunksESP,Aominedaikiv,Beef,Onion
5/17,Aominedaikiv,Friggis,Onion,Onion
5/17,Aominedaikiv,Friggis,Onion,Onion
5/17,Friggis,Aominedaikiv,Onion,Onion
5/17,Friggis,Aominedaikiv,Onion,Onion
5/17,Aominedaikiv,Friggis,Onion,Onion
5/17,TrunksESP,Humongous Giraffe,Garlic,Beef
5/17,TrunksESP,Humongous Giraffe,Garlic,Beef
5/17,Humongous Giraffe,TrunksESP,Beef,Beef
5/17,TrunksESP,Humongous Giraffe,Beef,Beef
5/17,JoRo,Friggis,Onion,Onion
5/17,JoRo,Friggis,Onion,Onion
5/17,JoRo,Friggis,Onion,Onion
5/17,Hitaka,TrunksESP,Onion,Beef
5/17,Hitaka,TrunksESP,Onion,Beef
5/17,Hitaka,TrunksESP,Onion,Beef
5/17,Humongous Giraffe,polar_bear9,Beef,Noodle
5/17,Humongous Giraffe,Polar_Bear8,Beef,Noodle
5/17,JoRo,Polar_Bear8,Garlic,Noodle
5/17,JoRo,Polar_Bear8,Garlic,Noodle
5/10,Savory Buns,TrunksESP,Garlic,Beef
5/10,Savory Buns,TrunksESP,Garlic,Beef
5/10,Savory Buns,TrunksESP,Garlic,Garlic
5/10,Savory Buns,Hitaka,Garlic,Rice
5/10,Hitaka,TrunksESP,Rice,Beef
5/10,Hitaka,TrunksESP,Rice,Beef
5/10,Hitaka,TrunksESP,Rice,Onion
5/10,anathema,mpaulweeks,Onion,Garlic
5/10,mpaulweeks,anathema,Garlic,Onion
5/10,anathema,mpaulweeks,Onion,Garlic
5/10,mpaulweeks,anathema,Garlic,Onion
5/10,anathema,mpaulweeks,Onion,Garlic
5/10,Savory Buns,Hitaka,Garlic,Onion
5/10,Savory Buns,Hitaka,Garlic,Rice
5/10,Hitaka,Savory Buns,Rice,Garlic
5/10,Savory Buns,Hitaka,Garlic,Rice
5/10,Hitaka,anathema,Rice,Pork
5/10,Hitaka,anathema,Rice,Pork
5/10,anathema,Hitaka,Pork,Rice
5/10,Hitaka,anathema,Rice,Onion
5/10,TrunksESP,DoomMerky,Beef,Pork
5/10,TrunksESP,DoomMerky,Beef,Pork
5/10,DoomMerky,TrunksESP,Pork,Beef
5/10,TrunksESP,DoomMerky,Beef,Pork
5/10,mpaulweeks,shygybeats,Garlic,Pork
5/10,mpaulweeks,shygybeats,Garlic,Pork
5/10,shygybeats,mpaulweeks,Pork,Garlic
5/10,DoomMerky,mpaulweeks,Pork,Garlic
5/10,DoomMerky,mpaulweeks,Pork,Garlic
5/10,Hitaka,TrunksESP,Rice,Beef
5/10,Hitaka,TrunksESP,Rice,Beef
5/3,KevinKryptonite,JoRo,Garlic,Onion
5/3,KevinKryptonite,JoRo,Garlic,Onion
5/3,KevinKryptonite,JoRo,Garlic,Onion
5/3,JoRo,Juni,Garlic,Noodle
5/3,Juni,JoRo,Noodle,Garlic
5/3,JoRo,Juni,Garlic,Noodle
5/3,JoRo,Juni,Garlic,Noodle
5/3,Juni,JoRo,Noodle,Garlic
5/3,Juni,DoomMerky,Noodle,Onion
5/3,Juni,DoomMerky,Noodle,Pork
5/3,Juni,DoomMerky,Noodle,Pork
5/3,Savory Buns,witunfunnymat,Garlic,Onion
5/3,Savory Buns,witunfunnymat,Garlic,Pork
5/3,Savory Buns,witunfunnymat,Garlic,Onion
5/3,KevinKryptonite,JoRo,Garlic,Onion
5/3,KevinKryptonite,JoRo,Garlic,Onion
5/3,KevinKryptonite,JoRo,Garlic,Onion
5/3,KevinKryptonite,DoomMerky,Garlic,Pork
5/3,KevinKryptonite,DoomMerky,Garlic,Pork
5/3,KevinKryptonite,DoomMerky,Garlic,Pork
5/3,JoRo,Savory Buns,Onion,Onion
5/3,JoRo,Savory Buns,Onion,Onion
5/3,JoRo,Savory Buns,Onion,Garlic
5/3,Greasy Pizza,shygybeats,Garlic,Pork
5/3,Greasy Pizza,shygybeats,Garlic,Pork
5/3,DoomMerky,SquidSlash,Pork,Beef
5/3,DoomMerky,SquidSlash,Pork,Beef
5/3,KevinKryptonite,witunfunnymat,Garlic,Garlic
5/3,KevinKryptonite,witunfunnymat,Garlic,Garlic
5/3,Savory Buns,Juni,Onion,Pork
5/3,Savory Buns,Juni,Onion,Onion
5/3,DoomMerky,shygybeats,Pork,Pork
5/3,DoomMerky,shygybeats,Pork,Pork
4/26,DoomMerky,TrunksESP,Pork,Beef
4/26,TrunksESP,DoomMerky,Beef,Pork
4/26,DoomMerky,TrunksESP,Pork,Beef
4/26,DoomMerky,TrunksESP,Pork,Garlic
4/26,Hitaka,TrunksESP,Rice,Beef
4/26,Hitaka,TrunksESP,Rice,Beef
4/26,Hitaka,TrunksESP,Rice,Beef
4/26,DoomMerky,SquidSlash,Pork,Beef
4/26,DoomMerky,SquidSlash,Pork,Beef
4/26,DoomMerky,SquidSlash,Pork,Beef
4/26,DoomMerky,Polar_Bear8,Pork,Noodle
4/26,Polar_Bear8,DoomMerky,Noodle,Pork
4/26,DoomMerky,Polar_Bear8,Pork,Noodle
4/26,DoomMerky,Polar_Bear8,Pork,Noodle
4/26,Hitaka,Kirbo_kek,Pork,Onion
4/26,Hitaka,Kirbo_kek,Rice,Rice
4/26,Hitaka,Kirbo_kek,Rice,Rice
4/26,TrunksESP,DoomMerky,Beef,Pork
4/26,TrunksESP,DoomMerky,Beef,Pork
4/26,TrunksESP,DoomMerky,Beef,Pork
4/26,DoomMerky,TrunksESP,Pork,Beef
4/26,SquidSlash,Flameburst97,Beef,Beef
4/26,SquidSlash,Flameburst97,Beef,Beef
4/26,Kirbo_kek,witunfunnymat,Rice,Garlic
4/26,Kirbo_kek,witunfunnymat,Rice,Garlic
4/12,Mari,Hitaka,Garlic,Rice
4/12,Hitaka,Mari,Rice,Garlic
4/12,Mari,Hitaka,Garlic,Rice
4/12,Mari,Hitaka,Garlic,Rice
4/12,Hitaka,Savory Buns,Rice,Onion
4/12,Hitaka,Savory Buns,Rice,Garlic
4/12,Hitaka,Savory Buns,Rice,Garlic
4/12,Hitaka,KevinKryptonite,Onion,Rice
4/12,Hitaka,KevinKryptonite,Onion,Garlic
4/12,KevinKryptonite,Hitaka,Garlic,Rice
4/12,KevinKryptonite,Hitaka,Garlic,Rice
4/12,Hitaka,KevinKryptonite,Rice,Garlic
4/12,Mari,Savory Buns,Garlic,Garlic
4/12,Mari,Savory Buns,Garlic,Garlic
4/12,Mari,Savory Buns,Garlic,Garlic
4/12,Hitaka,NamelessKing,Rice,Onion
4/12,Hitaka,NamelessKing,Rice,Onion
4/12,Hitaka,NamelessKing,Rice,Onion
4/12,NamelessKing,Hitaka,Onion,Rice
4/12,Savory Buns,Hitaka,Garlic,Rice
4/12,Hitaka,Savory Buns,Rice,Garlic
4/12,Hitaka,Savory Buns,Rice,Garlic
4/12,Savory Buns,Hitaka,Garlic,Rice
4/12,Savory Buns,Hitaka,Garlic,Rice
4/12,Mari,KevinKryptonite,Garlic,Garlic
4/12,Mari,KevinKryptonite,Garlic,Garlic
4/12,KevinKryptonite,Mari,Garlic,Garlic
4/12,KevinKryptonite,Mari,Garlic,Garlic
4/12,Mari,KevinKryptonite,Garlic,Garlic
4/12,KevinKryptonite,DoomMerky,Noodle,Pork
4/12,DoomMerky,KevinKryptonite,Pork,Garlic
4/12,KevinKryptonite,DoomMerky,Garlic,Pork
4/12,Mari,NamelessKing,Garlic,Onion
4/12,Mari,NamelessKing,Garlic,Onion
4/12,Savory Buns,Greasy Pizza,Garlic,Garlic
4/12,Savory Buns,Greasy Pizza,Garlic,Garlic
3/29,TableLOL,fredruary,Rice,Onion
3/29,TableLOL,fredruary,Rice,Onion
3/29,TableLOL,fredruary,Rice,Onion
3/29,fredruary,Hitaka,Onion,Onion
3/29,fredruary,Hitaka,Onion,Onion
3/29,fredruary,Hitaka,Onion,Rice
3/29,TableLOL,fredruary,Rice,Onion
3/29,TableLOL,fredruary,Rice,Onion
3/29,TableLOL,fredruary,Rice,Onion
3/29,fredruary,TableLOL,Onion,Rice
3/29,Hitaka,BlueIcyDasani,Rice,Garlic
3/29,BlueIcyDasani,Hitaka,Garlic,Rice
3/29,Hitaka,BlueIcyDasani,Rice,Garlic
3/29,Hitaka,BlueIcyDasani,Rice,Garlic
3/29,BlueIcyDasani,ESGR,Garlic,Beef
3/29,ESGR,BlueIcyDasani,Beef,Garlic
3/29,BlueIcyDasani,ESGR,Garlic,Beef
3/29,BlueIcyDasani,ESGR,Garlic,Beef
3/29,Hitaka,Inochi,Rice,Noodle
3/29,Inochi,Hitaka,Noodle,Rice
3/29,Hitaka,Inochi,Rice,Noodle
3/29,Inochi,Hitaka,Noodle,Rice
3/29,Hitaka,Inochi,Rice,Noodle
3/29,fredruary,Hitaka,Onion,Rice
3/29,fredruary,Hitaka,Onion,Rice
3/29,fredruary,Hitaka,Onion,Rice
3/29,TableLOL,ESGR,Rice,Beef
3/29,TableLOL,ESGR,Rice,Beef
3/29,TableLOL,ESGR,Rice,Beef
3/29,Inochi,witunfunnymat,Noodle,Garlic
3/29,Inochi,witunfunnymat,Noodle,Garlic
3/29,fredruary,BlueIcyDasani,Rice,Garlic
3/29,BlueIcyDasani,fredruary,Garlic,Rice
3/29,fredruary,BlueIcyDasani,Rice,Garlic
3/29,Mirdas,Savory Buns,Onion,Garlic
3/29,Mirdas,Savory Buns,Onion,Onion
3/29,Savory Buns,Mirdas,Onion,Onion
3/22,Hitaka,Cheese Eater,Rice,Beef
3/22,Cheese Eater,Hitaka,Beef,Rice
3/22,Hitaka,Cheese Eater,Rice,Beef
3/22,Hitaka,Cheese Eater,Rice,Beef
3/22,Cheese Eater,Hitaka,Beef,Rice
3/22,Hitaka,Cheese Eater,Rice,Beef
3/22,Hitaka,Cheese Eater,Rice,Beef
3/22,Hitaka,Cheese Eater,Rice,Beef
3/22,Hitaka,Juni,Rice,Noodle
3/22,Juni,Hitaka,Noodle,Rice
3/22,Hitaka,Juni,Rice,Noodle
3/22,Hitaka,Juni,Rice,Noodle
3/22,Juni,Friggis,Noodle,Onion
3/22,Friggis,Juni,Onion,Noodle
3/22,Friggis,Juni,Onion,Noodle
3/22,Juni,Friggis,Noodle,Onion
3/22,Juni,Friggis,Noodle,Onion
3/22,Cheese Eater,Inochi,Pork,Noodle
3/22,Cheese Eater,Inochi,Pork,Noodle
3/22,Inochi,Cheese Eater,Noodle,Pork
3/22,Cheese Eater,Inochi,Pork,Noodle
3/22,Inochi,Cheese Eater,Noodle,Pork
3/22,Cheese Eater,Hitaka,Beef,Rice
3/22,Hitaka,Cheese Eater,Rice,Beef
3/22,Cheese Eater,Hitaka,Beef,Pork
3/22,Cheese Eater,Hitaka,Beef,Rice
3/22,Inochi,Friggis,Noodle,Beef
3/22,Inochi,Friggis,Noodle,Onion
3/22,Samfuju101,Amaurie,Rice,Garlic
3/22,Samfuju101,Amaurie,Rice,Garlic
3/22,Hitaka,Samfuju101,Rice,Rice
3/22,Hitaka,Samfuju101,Rice,Rice
3/22,Hitaka,Latex Man,Rice,Onion
3/22,Hitaka,Latex Man,Rice,Onion
3/22,Latex Man,FRost506,Onion,Garlic
3/22,Latex Man,FRost506,Onion,Garlic
3/22,Cheese Eater,Juni,Beef,Noodle
3/22,Cheese Eater,Juni,Beef,Noodle
3/15,TableLOL,Savory Buns,Beef,Garlic
3/15,TableLOL,Savory Buns,Beef,Garlic
3/15,TableLOL,Savory Buns,Beef,Onion
3/15,Savory Buns,KevinKryptonite,Garlic,Garlic
3/15,Savory Buns,KevinKryptonite,Garlic,Garlic
3/15,Savory Buns,KevinKryptonite,Garlic,Garlic
3/15,KevinKryptonite,Savory Buns,Garlic,Garlic
3/15,KevinKryptonite,Savory Buns,Garlic,Garlic
3/15,TableLOL,KevinKryptonite,Garlic,Garlic
3/15,TableLOL,KevinKryptonite,Garlic,Garlic
3/15,TableLOL,KevinKryptonite,Garlic,Garlic
3/15,KevinKryptonite,TableLOL,Garlic,Garlic
3/15,Savory Buns,DoomMerky,Onion,Pork
3/15,Savory Buns,DoomMerky,Onion,Pork
3/15,Savory Buns,DoomMerky,Onion,Pork
3/15,DoomMerky,Ibrahdaiki,Pork,Onion
3/15,Ibrahdaiki,DoomMerky,Onion,Pork
3/15,DoomMerky,Ibrahdaiki,Pork,Onion
3/15,DoomMerky,Ibrahdaiki,Pork,Onion
3/15,Savory Buns,witunfunnymat,Rice,Garlic
3/15,Savory Buns,witunfunnymat,Rice,Garlic
3/15,Savory Buns,witunfunnymat,Rice,Garlic
3/15,KevinKryptonite,DoomMerky,Garlic,Pork
3/15,KevinKryptonite,DoomMerky,Garlic,Pork
3/15,KevinKryptonite,DoomMerky,Garlic,Pork
3/15,DoomMerky,KevinKryptonite,Pork,Garlic
3/15,DoomMerky,KevinKryptonite,Pork,Garlic
3/15,TableLOL,Savory Buns,Noodle,Pork
3/15,Savory Buns,TableLOL,Pork,Noodle
3/15,TableLOL,Savory Buns,Noodle,Garlic
3/15,TableLOL,Savory Buns,Noodle,Garlic
3/15,Ibradaiki,Samfuju101,Onion,Rice
3/15,Samfuju101,Ibradaiki,Rice,Onion
3/15,Ibradaiki,Samfuju101,Onion,Rice
3/15,KevinKryptonite,witunfunnymat,Garlic,Garlic
3/15,witunfunnymat,KevinKryptonite,Garlic,Garlic
3/15,KevinKryptonite,witunfunnymat,Garlic,Garlic
3/8,TableLOL,Askadoodle,Rice,Garlic
3/8,TableLOL,Askadoodle,Rice,Garlic
3/8,Askadoodle,TableLOL,Garlic,Rice
3/8,Askadoodle,TableLOL,Garlic,Rice
3/8,TableLOL,Askadoodle,Rice,Garlic
3/8,Askadoodle,fredruary,Garlic,Rice
3/8,Askadoodle,fredruary,Garlic,Onion
3/8,Askadoodle,fredruary,Garlic,Onion
3/8,TableLOL,fredruary,Rice,Onion
3/8,TableLOL,fredruary,Rice,Onion
3/8,fredruary,TableLOL,Onion,Rice
3/8,TableLOL,fredruary,Rice,Onion
3/8,fredruary,TableLOL,Onion,Rice
3/8,Askadoodle,Cheese Eater,Garlic,Pork
3/8,Askadoodle,Cheese Eater,Garlic,Pork
3/8,Askadoodle,Cheese Eater,Garlic,Pork
3/8,Cheese Eater,Meep,Pork,Garlic
3/8,Cheese Eater,Meep,Pork,Garlic
3/8,Meep,Cheese Eater,Garlic,Pork
3/8,Cheese Eater,Meep,Pork,Garlic
3/8,Askadoodle,Juni,Garlic,Onion
3/8,Askadoodle,Juni,Garlic,Onion
3/8,Askadoodle,Juni,Garlic,Noodle
3/8,Askadoodle,KevinKryptonite,Garlic,Garlic
3/8,Askadoodle,KevinKryptonite,Garlic,Garlic
3/8,KevinKryptonite,ESGR,Garlic,Beef
3/8,ESGR,KevinKryptonite,Beef,Garlic
3/8,KevinKryptonite,ESGR,Garlic,Beef
3/8,TableLOL,Meep,Rice,Garlic
3/8,Meep,TableLOL,Garlic,Rice
3/8,TableLOL,Meep,Rice,Garlic
3/8,TableLOL,Meep,Rice,Garlic
3/8,Meep,TableLOL,Garlic,Rice
3/8,fredruary,Juni,Onion,Onion
3/8,fredruary,Juni,Onion,Noodle
3/8,fredruary,Juni,Onion,Noodle
3/8,KevinKryptonite,JoRo,Garlic,Garlic
3/8,KevinKryptonite,JoRo,Garlic,Onion
3/8,Juni,mpaulweeks,Noodle,Noodle
3/8,Juni,mpaulweeks,Noodle,Noodle
3/8,Cheese Eater,Askadoodle,Pork,Garlic
3/8,Cheese Eater,Askadoodle,Pork,Garlic
3/8,Askadoodle,Cheese Eater,Garlic,Pork
3/8,witunfunnymat,E_Sid,Garlic,Beef
3/8,witunfunnymat,E_Sid,Garlic,Beef
3/6,fredruary,SquidSlash,Garlic,Beef
3/6,fredruary,SquidSlash,Garlic,Pork
3/6,fredruary,SquidSlash,Garlic,Beef
3/6,fredruary,KevinKryptonite,Garlic,Garlic
3/6,KevinKryptonite,fredruary,Garlic,Garlic
3/6,fredruary,KevinKryptonite,Garlic,Garlic
3/6,fredruary,KevinKryptonite,Garlic,Garlic
3/6,SquidSlash,Friggis,Beef,Onion
3/6,Friggis,SquidSlash,Onion,Beef
3/6,Friggis,SquidSlash,Onion,Beef
3/6,SquidSlash,Friggis,Beef,Onion
3/6,SquidSlash,Friggis,Beef,Onion
3/6,TableLOL,Hitaka,Rice,Rice
3/6,TableLOL,Hitaka,Rice,Rice
3/6,TableLOL,Hitaka,Rice,Rice
3/6,Hitaka,SquidSlash,Rice,Beef
3/6,Hitaka,SquidSlash,Rice,Beef
3/6,Hitaka,SquidSlash,Rice,Beef
3/6,SquidSlash,KevinKryptonite,Beef,Onion
3/6,SquidSlash,KevinKryptonite,Beef,Beef
3/6,KevinKryptonite,SquidSlash,Garlic,Beef
3/6,fredruary,Friggis,Garlic,Onion
3/6,fredruary,Friggis,Garlic,Onion
3/6,Friggis,yewt,Onion,Garlic
3/6,Friggis,yewt,Onion,Garlic
3/6,Humongous Giraffe,KonkeyDong,Beef,Noodle
3/6,Humongous Giraffe,KonkeyDong,Beef,Noodle
2/23,Hitaka,JoRo,Rice,Garlic
2/23,Hitaka,JoRo,Rice,Garlic
2/23,JoRo,Hitaka,Garlic,Rice
2/23,Hitaka,JoRo,Rice,Garlic
2/23,JoRo,Hitaka,Garlic,Rice
2/23,JoRo,Savory Buns,Garlic,Garlic
2/23,JoRo,Savory Buns,Garlic,Onion
2/23,JoRo,Savory Buns,Garlic,Garlic
2/23,JoRo,witunfunnymat,Garlic,Garlic
2/23,JoRo,witunfunnymat,Garlic,Garlic
2/23,JoRo,witunfunnymat,Garlic,Garlic
2/23,JoRo,SquidSlash,Onion,Beef
2/23,SquidSlash,JoRo,Beef,Onion
2/23,JoRo,SquidSlash,Onion,Beef
2/23,JoRo,SquidSlash,Onion,Beef
2/23,witunfunnymat,DoomMerky,Garlic,Pork
2/23,DoomMerky,witunfunnymat,Pork,Garlic
2/23,witunfunnymat,DoomMerky,Garlic,Pork
2/23,DoomMerky,witunfunnymat,Pork,Garlic
2/23,witunfunnymat,DoomMerky,Garlic,Pork
2/23,DoomMerky,KevinKryptonite,Pork,Noodle
2/23,KevinKryptonite,DoomMerky,Noodle,Pork
2/23,KevinKryptonite,DoomMerky,Noodle,Pork
2/23,DoomMerky,KevinKryptonite,Pork,Pork
2/23,DoomMerky,KevinKryptonite,Pork,Pork
2/23,JoRo,Humongous Giraffe,Garlic,Pork
2/23,JoRo,Humongous Giraffe,Garlic,Pork
2/23,JoRo,Humongous Giraffe,Garlic,Beef
2/23,Hitaka,Savory Buns,Rice,Beef
2/23,Hitaka,Savory Buns,Rice,Beef
2/23,Hitaka,Savory Buns,Rice,Garlic
2/23,Hitaka,SquidSlash,Rice,Beef
2/23,Hitaka,SquidSlash,Rice,Beef
2/23,Hitaka,SquidSlash,Rice,Beef
2/23,Savory Buns,witunfunnymat,Noodle,Garlic
2/23,Savory Buns,witunfunnymat,Noodle,Garlic
2/23,Savory Buns,witunfunnymat,Noodle,Garlic
2/23,witunfunnymat,Humongous Giraffe,Garlic,Beef
2/23,witunfunnymat,Humongous Giraffe,Garlic,Beef
2/23,Savory Buns,JoRo,Onion,Onion
2/23,Savory Buns,JoRo,Onion,Onion
2/23,Savory Buns,DoomMerky,Garlic,Pork
2/23,Savory Buns,DoomMerky,Garlic,Pork
2/16,fredruary,Inochi,Noodle,Noodle
2/16,Inochi,fredruary,Noodle,Noodle
2/16,fredruary,Inochi,Noodle,Noodle
2/16,Inochi,fredruary,Noodle,Noodle
2/16,fredruary,Inochi,Noodle,Noodle
2/16,fredruary,Inochi,Noodle,Noodle
2/16,fredruary,Inochi,Noodle,Noodle
2/16,fredruary,Inochi,Noodle,Noodle
2/16,fredruary,KevinKryptonite,Noodle,Rice
2/16,fredruary,KevinKryptonite,Noodle,Onion
2/16,fredruary,KevinKryptonite,Noodle,Pork
2/16,KevinKryptonite,TrunksESP,Onion,Beef
2/16,KevinKryptonite,TrunksESP,Onion,Beef
2/16,TrunksESP,KevinKryptonite,Beef,Beef
2/16,KevinKryptonite,TrunksESP,Beef,Beef
2/16,TrunksESP,KevinKryptonite,Beef,Garlic
2/16,Inochi,fredruary,Noodle,Noodle
2/16,Inochi,fredruary,Noodle,Noodle
2/16,Inochi,fredruary,Noodle,Noodle
2/16,Inochi,Hitaka,Noodle,Pork
2/16,Inochi,Hitaka,Noodle,Onion
2/16,KevinKryptonite,Juni,Onion,Onion
2/16,Juni,KevinKryptonite,Onion,Onion
2/16,KevinKryptonite,Juni,Onion,Onion
2/16,KevinKryptonite,Juni,Onion,Onion
2/16,Juni,KevinKryptonite,Onion,Garlic
2/16,fredruary,KevinKryptonite,Noodle,Noodle
2/16,fredruary,KevinKryptonite,Noodle,Onion
2/16,fredruary,KevinKryptonite,Noodle,Garlic
2/16,Juni,shygybeats,Onion,Pork
2/16,shygybeats,Juni,Pork,Onion
2/16,Juni,shygybeats,Onion,Pork
2/16,shygybeats,Venom578,Pork,Onion
2/16,shygybeats,Venom578,Pork,Onion
2/16,Hitaka,shygybeats,Onion,Pork
2/16,Hitaka,shygybeats,Onion,Pork
2/16,JoRo,KevinKryptonite,Garlic,Garlic
2/16,JoRo,KevinKryptonite,Garlic,Garlic
2/16,KevinKryptonite,JoRo,Garlic,Garlic
2/16,KevinKryptonite,TrunksESP,Garlic,Pork
2/16,Inochi,Juni,Noodle,Onion
2/16,Inochi,Juni,Noodle,Onion
2/16,shygybeats,lil_seg,Pork,Onion
2/16,shygybeats,lil_seg,Pork,Onion
2/9,TableLOL,fredruary,Rice,Rice
2/9,TableLOL,fredruary,Rice,Rice
2/9,TableLOL,fredruary,Rice,Rice
2/9,fredruary,KevinKryptonite,Rice,Garlic
2/9,fredruary,KevinKryptonite,Rice,Garlic
2/9,fredruary,KevinKryptonite,Rice,Garlic
2/9,KevinKryptonite,fredruary,Garlic,Rice
2/9,KevinKryptonite,fredruary,Garlic,Rice
2/9,TableLOL,KevinKryptonite,Rice,Garlic
2/9,TableLOL,KevinKryptonite,Rice,Garlic
2/9,TableLOL,KevinKryptonite,Rice,Garlic
2/9,fredruary,Inochi,Rice,Onion
2/9,Inochi,fredruary,Onion,Rice
2/9,fredruary,Inochi,Rice,Noodle
2/9,fredruary,Inochi,Rice,Noodle
2/9,Inochi,Juni,Noodle,Onion
2/9,Inochi,Juni,Noodle,Onion
2/9,Inochi,Juni,Noodle,Onion
2/9,KevinKryptonite,Hitaka,Garlic,Rice
2/9,Hitaka,KevinKryptonite,Rice,Garlic
2/9,KevinKryptonite,Hitaka,Garlic,Rice
2/9,Hitaka,KevinKryptonite,Rice,Garlic
2/9,TableLOL,Inochi,Rice,Noodle
2/9,TableLOL,Inochi,Rice,Noodle
2/9,TableLOL,Inochi,Rice,Noodle
2/9,KevinKryptonite,Friggis,Garlic,Onion
2/9,KevinKryptonite,Friggis,Garlic,Onion
2/9,Inochi,E_Sid,Noodle,Beef
2/9,Inochi,E_Sid,Noodle,Onion
2/9,DoomMerky,Flameburst97,Pork,Beef
2/9,DoomMerky,Flameburst97,Pork,Beef
2/2,fredruary,Hitaka,Rice,Rice
2/2,Hitaka,fredruary,Rice,Rice
2/2,fredruary,Hitaka,Rice,Rice
2/2,fredruary,Hitaka,Rice,Rice
2/2,Hitaka,DoomMerky,Rice,Pork
2/2,Hitaka,DoomMerky,Rice,Pork
2/2,Hitaka,DoomMerky,Rice,Pork
2/2,Hitaka,KevinKryptonite,Rice,Beef
2/2,Hitaka,KevinKryptonite,Rice,Garlic
2/2,Hitaka,KevinKryptonite,Rice,Garlic
2/2,fredruary,DoomMerky,Rice,Pork
2/2,fredruary,DoomMerky,Rice,Pork
2/2,fredruary,DoomMerky,Rice,Pork
2/2,TrunksESP,KevinKryptonite,Garlic,Garlic
2/2,TrunksESP,KevinKryptonite,Garlic,Onion
2/2,KevinKryptonite,TrunksESP,Onion,Onion
2/2,TrunksESP,KevinKryptonite,Onion,Garlic
2/2,KevinKryptonite,TrunksESP,Garlic,Pork
2/2,shygybeats,DoomMerky,Pork,Pork
2/2,shygybeats,DoomMerky,Pork,Pork
2/2,shygybeats,DoomMerky,Pork,Pork
2/2,KevinKryptonite,mpaulweeks,Garlic,Noodle
2/2,KevinKryptonite,mpaulweeks,Garlic,Noodle
2/2,fredruary,TrunksESP,Rice,Garlic
2/2,fredruary,TrunksESP,Rice,Pork
2/2,fredruary,TrunksESP,Rice,Pork
2/2,TrunksESP,fredruary,Pork,Rice
2/2,Hitaka,KevinKryptonite,Rice,Garlic
2/2,KevinKryptonite,Hitaka,Garlic,Rice
2/2,Hitaka,KevinKryptonite,Rice,Garlic
2/2,mpaulweeks,Mr Kh8n,Pork,Pork
2/2,Mr Kh8n,mpaulweeks,Pork,Pork
2/2,mpaulweeks,Mr Kh8n,Pork,Pork
2/2,DoomMerky,mpaulweeks,Pork,Garlic
2/2,mpaulweeks,DoomMerky,Garlic,Pork
2/2,DoomMerky,mpaulweeks,Pork,Garlic
2/2,DoomMerky,CptnPlant,Pork,Garlic
2/2,CptnPlant,DoomMerky,Garlic,Pork
2/2,DoomMerky,CptnPlant,Pork,Garlic
1/26,TableLOL,fredruary,Pork,Rice
1/26,TableLOL,fredruary,Pork,Rice
1/26,TableLOL,fredruary,Pork,Rice
1/26,TableLOL,fredruary,Pork,Rice
1/26,TableLOL,fredruary,Pork,Rice
1/26,TableLOL,fredruary,Pork,Rice
1/26,TableLOL,Hitaka,Pork,Rice
1/26,Hitaka,TableLOL,Rice,Pork
1/26,TableLOL,Hitaka,Pork,Rice
1/26,TableLOL,Hitaka,Pork,Rice
1/26,TableLOL,TrunksESP,Pork,Garlic
1/26,TableLOL,TrunksESP,Pork,Pork
1/26,TableLOL,TrunksESP,Pork,Pork
1/26,TrunksESP,KevinKryptonite,Beef,Garlic
1/26,KevinKryptonite,TrunksESP,Garlic,Garlic
1/26,TrunksESP,KevinKryptonite,Garlic,Onion
1/26,TrunksESP,KevinKryptonite,Garlic,Noodle
1/26,fredruary,Hitaka,Rice,Rice
1/26,Hitaka,fredruary,Rice,Rice
1/26,fredruary,Hitaka,Rice,Rice
1/26,fredruary,Hitaka,Rice,Rice
1/26,fredruary,KevinKryptonite,Rice,Rice
1/26,fredruary,KevinKryptonite,Rice,Garlic
1/26,fredruary,KevinKryptonite,Rice,Pork
1/26,Hitaka,TableLOL,Rice,Pork
1/26,TableLOL,Hitaka,Pork,Rice
1/26,TableLOL,Hitaka,Pork,Rice
1/26,Hitaka,TableLOL,Rice,Pork
1/26,Hitaka,TableLOL,Rice,Pork
1/26,fredruary,Squidslash,Rice,Beef
1/26,fredruary,Squidslash,Rice,Beef
1/26,fredruary,Flameburst97,Rice,Beef
1/26,fredruary,Flameburst97,Onion,Beef
1/20,Meep,TableLOL,Garlic,Onion
1/20,Meep,TableLOL,Garlic,Onion
1/20,TableLOL,Meep,Onion,Garlic
1/20,TableLOL,Meep,Onion,Garlic
1/20,Meep,TableLOL,Garlic,Onion
1/20,TableLOL,Hitaka,Onion,Garlic
1/20,Hitaka,TableLOL,Garlic,Onion
1/20,TableLOL,Hitaka,Onion,Garlic
1/20,Hitaka,TableLOL,Rice,Onion
1/20,TableLOL,Hitaka,Onion,Rice
1/20,TableLOL,Cheese Eater,Onion,Pork
1/20,Cheese Eater,TableLOL,Pork,Onion
1/20,TableLOL,Cheese Eater,Onion,Pork
1/20,Cheese Eater,TableLOL,Pork,Onion
1/20,TableLOL,Cheese Eater,Onion,Pork
1/20,Meep,Hitaka,Garlic,Rice
1/20,Meep,Hitaka,Garlic,Rice
1/20,Meep,Hitaka,Garlic,Rice
1/20,Hitaka,Meep,Rice,Garlic
1/20,TableLOL,fredruary,Onion,Rice
1/20,TableLOL,fredruary,Onion,Rice
1/20,TableLOL,fredruary,Onion,Rice
1/20,Cheese Eater,TrunksESP,Pork,Garlic
1/20,TrunksESP,Cheese Eater,Garlic,Pork
1/20,Cheese Eater,TrunksESP,Pork,Garlic
1/20,Cheese Eater,TrunksESP,Pork,Onion
1/20,Hitaka,TableLOL,Rice,Onion
1/20,Hitaka,TableLOL,Rice,Onion
1/20,Hitaka,TableLOL,Rice,Onion
1/20,Meep,TrunksESP,Garlic,Onion
1/20,Meep,TrunksESP,Garlic,Garlic
1/20,Meep,TrunksESP,Garlic,Garlic
1/20,TrunksESP,Meep,Garlic,Garlic
1/20,TrunksESP,fredruary,Garlic,Rice
1/20,TrunksESP,fredruary,Garlic,Rice
1/20,Meep,liz,Garlic,Garlic
1/20,Meep,liz,Garlic,Beef
1/20,liz,Flameburst97,Beef,Beef
1/20,liz,Flameburst97,Beef,Beef
1/12,Meep,TrunksESP,Garlic,Beef
1/12,Meep,TrunksESP,Garlic,Garlic
1/12,Meep,TrunksESP,Garlic,Onion
1/12,TrunksESP,Maximum Bloop,Beef,Rice
1/12,TrunksESP,Maximum Bloop,Beef,Rice
1/12,TrunksESP,Maximum Bloop,Beef,Rice
1/12,Maximum Bloop,TrunksESP,Rice,Garlic
1/12,TrunksESP,Inochi,Garlic,Onion
1/12,TrunksESP,Inochi,Garlic,Onion
1/12,TrunksESP,Inochi,Garlic,Onion
1/12,Inochi,TrunksESP,Onion,Beef
1/12,Inochi,TrunksESP,Onion,Garlic
1/12,Maximum Bloop,KevinKryptonite,Garlic,Pork
1/12,KevinKryptonite,Maximum Bloop,Pork,Rice
1/12,Maximum Bloop,KevinKryptonite,Rice,Rice
1/12,Maximum Bloop,KevinKryptonite,Rice,Garlic
1/12,KevinKryptonite,Maximum Bloop,Garlic,Rice
1/12,Inochi,mpaulweeks,Noodle,Onion
1/12,Inochi,mpaulweeks,Noodle,Onion
1/12,mpaulweeks,AndreiRex,Onion,Pork
1/12,mpaulweeks,AndreiRex,Onion,Pork
1/12,Maximum Bloop,mpaulweeks,Onion,Onion
1/12,Maximum Bloop,mpaulweeks,Onion,Onion
1/12,Maximum Bloop,E_Sid,Rice,Onion
1/12,Maximum Bloop,E_Sid,Rice,Beef
12/30/2023,Askadoodle,fredruary,Garlic,Onion
12/30/2023,Askadoodle,fredruary,Garlic,Onion
12/30/2023,Askadoodle,fredruary,Garlic,Onion
12/30/2023,Askadoodle,fredruary,Garlic,Onion
12/30/2023,Askadoodle,fredruary,Garlic,Onion
12/30/2023,Askadoodle,fredruary,Garlic,Onion
12/30/2023,fredruary,Askadoodle,Onion,Garlic
12/30/2023,Askadoodle,Highrow,Garlic,Beef
12/30/2023,Askadoodle,Highrow,Garlic,Beef
12/30/2023,Askadoodle,Highrow,Garlic,Beef
12/30/2023,fredruary,Hitaka,Onion,Rice
12/30/2023,fredruary,Hitaka,Onion,Rice
12/30/2023,Hitaka,fredruary,Rice,Onion
12/30/2023,fredruary,Hitaka,Onion,Rice
12/30/2023,Hitaka,fredruary,Rice,Onion
12/30/2023,Highrow,JoRo,Beef,Beef
12/30/2023,Highrow,JoRo,Beef,Beef
12/30/2023,Highrow,JoRo,Beef,Onion
12/30/2023,JoRo,aprl,Onion,Pork
12/30/2023,JoRo,aprl,Onion,Rice
12/30/2023,aprl,JoRo,Rice,Beef
12/30/2023,Askadoodle,TrunksESP,Garlic,Beef
12/30/2023,TrunksESP,Askadoodle,Beef,Garlic
12/30/2023,Askadoodle,TrunksESP,Garlic,Garlic
12/30/2023,Askadoodle,TrunksESP,Garlic,Garlic
12/30/2023,Hitaka,Highrow,Rice,Beef
12/30/2023,Hitaka,Highrow,Rice,Beef
12/30/2023,Hitaka,Highrow,Rice,Beef
12/30/2023,fredruary,TrunksESP,Onion,Pork
12/30/2023,fredruary,TrunksESP,Onion,Pork
12/30/2023,fredruary,TrunksESP,Onion,Garlic
12/30/2023,Highrow,Askadoodle,Beef,Garlic
12/30/2023,Highrow,Askadoodle,Beef,Garlic
12/30/2023,Askadoodle,Highrow,Garlic,Beef
12/30/2023,Highrow,Prickle Fish,Beef,Beef
12/30/2023,Highrow,Prickle Fish,Beef,Pork
12/23,TableLOL,fredruary,Rice,Rice
12/23,fredruary,TableLOL,Rice,Rice
12/23,fredruary,TableLOL,Rice,Rice
12/23,TableLOL,fredruary,Rice,Onion
12/23,TableLOL,fredruary,Rice,Onion
12/23,fredruary,TableLOL,Onion,Rice
12/23,TableLOL,fredruary,Rice,Onion
12/23,fredruary,TableLOL,Onion,Rice
12/23,fredruary,TableLOL,Onion,Rice
12/23,fredruary,TrunksESP,Onion,Garlic
12/23,fredruary,TrunksESP,Onion,Garlic
12/23,fredruary,TrunksESP,Onion,Garlic
12/23,fredruary,mpaulweeks,Onion,Onion
12/23,fredruary,mpaulweeks,Onion,Onion
12/23,fredruary,mpaulweeks,Onion,Onion
12/23,mpaulweeks,Squidslash,Onion,Beef
12/23,Squidslash,mpaulweeks,Beef,Onion
12/23,Squidslash,mpaulweeks,Beef,Onion
12/23,mpaulweeks,Squidslash,Onion,Garlic
12/23,mpaulweeks,Squidslash,Onion,Beef
12/23,TableLOL,TrunksESP,Rice,Garlic
12/23,TableLOL,TrunksESP,Rice,Pork
12/23,TableLOL,TrunksESP,Rice,Garlic
12/23,Squidslash,Hitaka,Beef,Rice
12/23,Squidslash,Hitaka,Beef,Rice
12/23,Hitaka,Squidslash,Rice,Beef
12/23,Hitaka,Squidslash,Rice,Beef
12/23,Squidslash,Hitaka,Beef,Rice
12/23,TrunksESP,mpaulweeks,Beef,Onion
12/23,TrunksESP,mpaulweeks,Beef,Onion
12/23,TrunksESP,mpaulweeks,Beef,Garlic
12/23,mpaulweeks,TrunksESP,Garlic,Garlic
12/23,TableLOL,fredruary,Rice,Onion
12/23,TableLOL,fredruary,Rice,Onion
12/23,TableLOL,fredruary,Rice,Onion
12/23,fredruary,TableLOL,Onion,Rice
12/23,Savory Buns,LoraLoibu,Garlic,Pork
12/23,Savory Buns,LoraLoibu,Garlic,Pork
12/23,Savory Buns,LoraLoibu,Garlic,Pork
12/23,Savory Buns,shygybeats,Garlic,Pork
12/23,Savory Buns,shygybeats,Garlic,Pork
12/23,mpaulweeks,shygybeats,Garlic,Pork
12/23,mpaulweeks,shygybeats,Garlic,Pork
12/23,shygybeats,mpaulweeks,Pork,Garlic
12/23,shygybeats,kyochan,Pork,Rice
12/23,shygybeats,kyochan,Pork,Rice
12/23,kyochan,shygybeats,Rice,Pork